IATs,init_energy,init_time
0.05,0.0080388,0.414812207221985
0.07,0.00709456,0.563823580741882
0.09,0.00668624,0.695432662963867
